Revenue_EUR,Premium_Share,Fuel_Price_Index
371404204,19.12,1.0
634121800,19.12,1.0
181434465,19.12,1.0
504226100,19.12,1.0
782150200,19.12,1.0
679717774,19.12,1.0
355449875,19.12,1.0
109834770,19.12,1.0
183908168,17.6,1.02
468137630,17.6,1.02
615332901,17.6,1.02
567500220,17.6,1.02
821020046,17.6,1.02
348743395,17.6,1.02
296668680,17.6,1.02
264455325,17.6,1.02
445854614,20.49,0.97
195992884,20.49,0.97
395611443,20.49,0.97
744869888,20.49,0.97
677373126,20.49,0.97
530624292,20.49,0.97
606317998,20.49,0.97
205393370,20.49,0.97
480595685,6.28,0.97
367571644,6.28,0.97
552526380,6.28,0.97
446113428,6.28,0.97
679962024,6.28,0.97
210133260,6.28,0.97
703612884,6.28,0.97
404600460,6.28,0.97
255786278,15.6,0.98
299901735,15.6,0.98
335598660,15.6,0.98
540411474,15.6,0.98
870913960,15.6,0.98
510720490,15.6,0.98
698271108,15.6,0.98
256961760,15.6,0.98
180338400,20.6,0.98
522658690,20.6,0.98
213121584,20.6,0.98
277764584,20.6,0.98
278247382,20.6,0.98
206322174,20.6,0.98
696092172,20.6,0.98
170936892,20.6,0.98
540777685,15.66,1.02
161480298,15.66,1.02
249416576,15.66,1.02
755640942,15.66,1.02
442689520,15.66,1.02
553122817,15.66,1.02
318441574,15.66,1.02
167013000,15.66,1.02
329738906,6.87,1.05
483632208,6.87,1.05
149552968,6.87,1.05
302228024,6.87,1.05
686243258,6.87,1.05
596888800,6.87,1.05
697418370,6.87,1.05
280581151,6.87,1.05
218446808,19.96,0.99
371947433,19.96,0.99
491482020,19.96,0.99
261143904,19.96,0.99
1084058655,19.96,0.99
460400145,19.96,0.99
689702874,19.96,0.99
317803040,19.96,0.99
313875146,15.71,0.98
189853956,15.71,0.98
467622528,15.71,0.98
782924175,15.71,0.98
1008269216,15.71,0.98
695237746,15.71,0.98
378706500,15.71,0.98
147468720,15.71,0.98
309615114,15.88,0.98
613503401,15.88,0.98
518560224,15.88,0.98
500840665,15.88,0.98
420847036,15.88,0.98
239024100,15.88,0.98
887062050,15.88,0.98
371383025,15.88,0.98
614962439,6.73,1.02
608217930,6.73,1.02
743851078,6.73,1.02
247280400,6.73,1.02
636829095,6.73,1.02
719460168,6.73,1.02
604229964,6.73,1.02
257306670,6.73,1.02
156867198,14.6,0.96
566343136,14.6,0.96
568640922,14.6,0.96
766118700,14.6,0.96
943855577,14.6,0.96
718934352,14.6,0.96
252078719,14.6,0.96
402729249,14.6,0.96
258519000,15.96,1.04
562390232,15.96,1.04
575545608,15.96,1.04
646178160,15.96,1.04
1034331726,15.96,1.04
567113619,15.96,1.04
637976238,15.96,1.04
277830280,15.96,1.04
220434585,14.11,1.02
306019120,14.11,1.02
461072829,14.11,1.02
627234036,14.11,1.02
437570640,14.11,1.02
502755620,14.11,1.02
738882416,14.11,1.02
391197924,14.11,1.02
129752075,5.64,1.01
595467691,5.64,1.01
163382088,5.64,1.01
760881070,5.64,1.01
755986880,5.64,1.01
222124240,5.64,1.01
544657740,5.64,1.01
410208748,5.64,1.01
243598195,19.26,1.03
403156116,19.26,1.03
547045455,19.26,1.03
499191121,19.26,1.03
694058312,19.26,1.03
642570948,19.26,1.03
265732002,19.26,1.03
282618252,19.26,1.03
338705142,18.94,1.05
574855272,18.94,1.05
220420024,18.94,1.05
624759846,18.94,1.05
1023939630,18.94,1.05
600172704,18.94,1.05
277797152,18.94,1.05
173962248,18.94,1.05
302683749,15.74,0.97
523721665,15.74,0.97
638303976,15.74,0.97
194614542,15.74,0.97
348182457,15.74,0.97
162827605,15.74,0.97
429597480,15.74,0.97
272238153,15.74,0.97
408506930,5.15,0.97
354807484,5.15,0.97
591655450,5.15,0.97
255405780,5.15,0.97
649232448,5.15,0.97
723851895,5.15,0.97
675032397,5.15,0.97
123502973,5.15,0.97
525934790,17.17,0.98
364610994,17.17,0.98
213562328,17.17,0.98
328931824,17.17,0.98
248925257,17.17,0.98
690087466,17.17,0.98
527431411,17.17,0.98
435158420,17.17,0.98
241649100,20.05,1.0
274837464,20.05,1.0
594693528,20.05,1.0
745013376,20.05,1.0
877056678,20.05,1.0
562847208,20.05,1.0
606610710,20.05,1.0
316937216,20.05,1.0
463347996,20.14,1.05
480605950,20.14,1.05
607221555,20.14,1.05
726225864,20.14,1.05
384982612,20.14,1.05
532219416,20.14,1.05
596935844,20.14,1.05
421318089,20.14,1.05
338675320,5.52,1.02
615524610,5.52,1.02
285405170,5.52,1.02
663101334,5.52,1.02
860691096,5.52,1.02
799764354,5.52,1.02
361725425,5.52,1.02
440016888,5.52,1.02
404466176,14.62,0.98
581467773,14.62,0.98
482067235,14.62,0.98
342543123,14.62,0.98
535248740,14.62,0.98
169340718,14.62,0.98
182328375,14.62,0.98
116179360,14.62,0.98
375406465,17.58,1.01
623876826,17.58,1.01
629812922,17.58,1.01
646615125,17.58,1.01
620610325,17.58,1.01
602721762,17.58,1.01
189720450,17.58,1.01
430924800,17.58,1.01
238771575,16.36,1.03
198798723,16.36,1.03
351791316,16.36,1.03
635428687,16.36,1.03
548440185,16.36,1.03
708633380,16.36,1.03
173674137,16.36,1.03
326867090,16.36,1.03
375935729,6.45,1.01
530732125,6.45,1.01
495753240,6.45,1.01
298671840,6.45,1.01
381879012,6.45,1.01
280750494,6.45,1.01
434505060,6.45,1.01
338009703,6.45,1.01
251330365,18.77,1.02
362322130,18.77,1.02
657826065,18.77,1.02
694476960,18.77,1.02
441546985,18.77,1.02
506449359,18.77,1.02
816339290,18.77,1.02
300663144,18.77,1.02
309589110,17.66,1.03
571945140,17.66,1.03
569563720,17.66,1.03
773733488,17.66,1.03
410030629,17.66,1.03
382892427,17.66,1.03
468276192,17.66,1.03
149785116,17.66,1.03
515614170,18.34,0.99
216890852,18.34,0.99
189597389,18.34,0.99
463853448,18.34,0.99
386531580,18.34,0.99
546912300,18.34,0.99
645667104,18.34,0.99
198456657,18.34,0.99
210786950,6.43,1.06
189966060,6.43,1.06
619611505,6.43,1.06
231762360,6.43,1.06
909573525,6.43,1.06
436161165,6.43,1.06
445813371,6.43,1.06
332082261,6.43,1.06
609362676,15.16,0.99
604170525,15.16,0.99
321919328,15.16,0.99
458261520,15.16,0.99
681384453,15.16,0.99
215782875,15.16,0.99
845763840,15.16,0.99
431160400,15.16,0.99
190339175,20.39,1.0
413289841,20.39,1.0
569633526,20.39,1.0
623787520,20.39,1.0
343640364,20.39,1.0
432048961,20.39,1.0
631992400,20.39,1.0
202405008,20.39,1.0
239210000,19.6,0.94
763257910,19.6,0.94
607139498,19.6,0.94
588214305,19.6,0.94
851775210,19.6,0.94
773281974,19.6,0.94
620017610,19.6,0.94
122323523,19.6,0.94
589347120,5.51,0.93
680675520,5.51,0.93
394907256,5.51,0.93
594653073,5.51,0.93
503244702,5.51,0.93
246158787,5.51,0.93
724624340,5.51,0.93
324042120,5.51,0.93
527878536,16.95,0.96
439787110,16.95,0.96
213701715,16.95,0.96
213173754,16.95,0.96
333823330,16.95,0.96
520119903,16.95,0.96
269984884,16.95,0.96
297836352,16.95,0.96
296528886,19.19,0.92
228534660,19.19,0.92
283353840,19.19,0.92
732515154,19.19,0.92
838350528,19.19,0.92
521911344,19.19,0.92
704662310,19.19,0.92
113515652,19.19,0.92
519108464,18.66,1.05
584854135,18.66,1.05
284655245,18.66,1.05
261234216,18.66,1.05
458872716,18.66,1.05
688421300,18.66,1.05
550285534,18.66,1.05
468881552,18.66,1.05
386903000,6.87,0.99
256299120,6.87,0.99
530054400,6.87,0.99
312984000,6.87,0.99
722622383,6.87,0.99
627890980,6.87,0.99
270379296,6.87,0.99
214557120,6.87,0.99
173309184,15.3,1.02
294569502,15.3,1.02
611765040,15.3,1.02
686706976,15.3,1.02
922170400,15.3,1.02
527695776,15.3,1.02
406999890,15.3,1.02
414421101,15.3,1.02
231598553,19.22,0.99
181313568,19.22,0.99
563889505,19.22,0.99
678212676,19.22,0.99
225274636,19.22,0.99
579391272,19.22,0.99
758073796,19.22,0.99
141227532,19.22,0.99
483358750,18.31,1.01
371112516,18.31,1.01
532648620,18.31,1.01
788378944,18.31,1.01
588739263,18.31,1.01
386852350,18.31,1.01
254617745,18.31,1.01
286164648,18.31,1.01
326957884,5.09,0.99
255325988,5.09,0.99
656140720,5.09,0.99
692152110,5.09,0.99
389723868,5.09,0.99
481174288,5.09,0.99
435185280,5.09,0.99
354399416,5.09,0.99
275141984,20.78,0.99
697870152,20.78,0.99
712938505,20.78,0.99
775809880,20.78,0.99
997721730,20.78,0.99
855697752,20.78,0.99
312121548,20.78,0.99
164485303,20.78,0.99
327730284,15.82,0.96
369147240,15.82,0.96
418126618,15.82,0.96
394288074,15.82,0.96
413982000,15.82,0.96
269547005,15.82,0.96
564896800,15.82,0.96
198036672,15.82,0.96
359615520,18.76,1.03
204432825,18.76,1.03
348767958,18.76,1.03
494064963,18.76,1.03
493712971,18.76,1.03
199698905,18.76,1.03
640606512,18.76,1.03
202602180,18.76,1.03
179678345,6.08,0.96
528990339,6.08,0.96
246644064,6.08,0.96
208340826,6.08,0.96
953935220,6.08,0.96
255333474,6.08,0.96
932405149,6.08,0.96
335810025,6.08,0.96
361951772,19.31,1.06
346750950,19.31,1.06
543602616,19.31,1.06
361867716,19.31,1.06
322298240,19.31,1.06
404799128,19.31,1.06
249432279,19.31,1.06
171765792,19.31,1.06
160744945,16.25,1.03
330465312,16.25,1.03
187581100,16.25,1.03
410132646,16.25,1.03
701563940,16.25,1.03
697518710,16.25,1.03
261982282,16.25,1.03
142002792,16.25,1.03
201228480,17.37,1.06
600167584,17.37,1.06
421260435,17.37,1.06
738539689,17.37,1.06
566063976,17.37,1.06
253283630,17.37,1.06
805733304,17.37,1.06
178248945,17.37,1.06
449170392,6.5,1.06
310061291,6.5,1.06
659285773,6.5,1.06
624749379,6.5,1.06
939400980,6.5,1.06
163907897,6.5,1.06
406005795,6.5,1.06
338855980,6.5,1.06
279053660,20.1,1.06
176843658,20.1,1.06
149371032,20.1,1.06
224213994,20.1,1.06
871765510,20.1,1.06
616818980,20.1,1.06
304406136,20.1,1.06
486165265,20.1,1.06
127123695,17.04,1.06
323917846,17.04,1.06
649340418,17.04,1.06
189446580,17.04,1.06
856260300,17.04,1.06
714889312,17.04,1.06
439595275,17.04,1.06
505601916,17.04,1.06
189410340,18.18,1.0
188514949,18.18,1.0
310504980,18.18,1.0
620316061,18.18,1.0
1050829200,18.18,1.0
457162810,18.18,1.0
289454814,18.18,1.0
196387400,18.18,1.0
503906448,6.3,1.06
475812330,6.3,1.06
559282968,6.3,1.06
205910409,6.3,1.06
734530160,6.3,1.06
569721689,6.3,1.06
604345050,6.3,1.06
391635972,6.3,1.06
325806250,16.5,1.0
297611550,16.5,1.0
206260073,16.5,1.0
273293382,16.5,1.0
1210616110,16.5,1.0
504334272,16.5,1.0
645718071,16.5,1.0
537936854,16.5,1.0
140396592,18.8,0.98
561957420,18.8,0.98
593402901,18.8,0.98
691741053,18.8,0.98
868078515,18.8,0.98
243482908,18.8,0.98
805808876,18.8,0.98
183783997,18.8,0.98
538638894,15.71,1.05
244296987,15.71,1.05
465631134,15.71,1.05
435311317,15.71,1.05
1115104016,15.71,1.05
470544484,15.71,1.05
496326384,15.71,1.05
260248511,15.71,1.05
197108080,6.8,1.07
266456801,6.8,1.07
190440936,6.8,1.07
424111028,6.8,1.07
846554784,6.8,1.07
631749853,6.8,1.07
796855814,6.8,1.07
272690712,6.8,1.07
171803511,17.63,1.04
640084329,17.63,1.04
454576876,17.63,1.04
766976880,17.63,1.04
264933484,17.63,1.04
495818896,17.63,1.04
676991259,17.63,1.04
104531427,17.63,1.04
528287148,18.32,1.04
577008000,18.32,1.04
461230776,18.32,1.04
628247919,18.32,1.04
636399315,18.32,1.04
609415276,18.32,1.04
442206324,18.32,1.04
358239348,18.32,1.04
373054374,19.64,1.07
540917730,19.64,1.07
565794678,19.64,1.07
479096178,19.64,1.07
227649695,19.64,1.07
548301995,19.64,1.07
255306255,19.64,1.07
387715268,19.64,1.07
354827572,6.62,1.08
184293143,6.62,1.08
207832548,6.62,1.08
370321336,6.62,1.08
310382816,6.62,1.08
230888232,6.62,1.08
815004792,6.62,1.08
293012280,6.62,1.08
432840506,17.12,1.11
728578168,17.12,1.11
444338439,17.12,1.11
175352620,17.12,1.11
707514600,17.12,1.11
276275288,17.12,1.11
444733561,17.12,1.11
404161740,17.12,1.11
484376288,16.27,1.11
415857610,16.27,1.11
178985724,16.27,1.11
390887952,16.27,1.11
243886096,16.27,1.11
347689072,16.27,1.11
463524875,16.27,1.11
369736402,16.27,1.11
299326404,18.7,1.07
464423344,18.7,1.07
302027768,18.7,1.07
193951626,18.7,1.07
456920464,18.7,1.07
271562166,18.7,1.07
508058830,18.7,1.07
280567793,18.7,1.07
526626106,6.86,1.06
595978163,6.86,1.06
309293152,6.86,1.06
704535375,6.86,1.06
853566867,6.86,1.06
562249668,6.86,1.06
593009760,6.86,1.06
265141622,6.86,1.06
280273224,19.35,1.04
361548711,19.35,1.04
370601490,19.35,1.04
863531160,19.35,1.04
869426063,19.35,1.04
313129614,19.35,1.04
584516506,19.35,1.04
454322980,19.35,1.04
341614284,14.41,1.09
770202660,14.41,1.09
525081550,14.41,1.09
877245026,14.41,1.09
1188435264,14.41,1.09
283244394,14.41,1.09
957483261,14.41,1.09
287641053,14.41,1.09
228047292,16.57,1.04
487170673,16.57,1.04
691580240,16.57,1.04
742666176,16.57,1.04
1106582592,16.57,1.04
652235297,16.57,1.04
929272740,16.57,1.04
311865228,16.57,1.04
385520304,6.1,1.05
741425564,6.1,1.05
533898362,6.1,1.05
584527870,6.1,1.05
629242880,6.1,1.05
495229249,6.1,1.05
217172850,6.1,1.05
151792249,6.1,1.05
486002652,14.27,1.04
201124692,14.27,1.04
278296344,14.27,1.04
793616712,14.27,1.04
851753344,14.27,1.04
375888096,14.27,1.04
427497855,14.27,1.04
277897842,14.27,1.04
376087720,17.85,1.0
599475848,17.85,1.0
357483280,17.85,1.0
726955058,17.85,1.0
622386333,17.85,1.0
720125318,17.85,1.0
596541924,17.85,1.0
262035673,17.85,1.0
528882599,14.31,1.06
502823080,14.31,1.06
501478458,14.31,1.06
215502560,14.31,1.06
846604954,14.31,1.06
242513250,14.31,1.06
765325693,14.31,1.06
119000940,14.31,1.06
540226722,5.11,1.06
358962483,5.11,1.06
394104702,5.11,1.06
756474400,5.11,1.06
553855166,5.11,1.06
720816297,5.11,1.06
340832100,5.11,1.06
346700990,5.11,1.06
146158338,19.19,1.06
309853872,19.19,1.06
218751246,19.19,1.06
310108088,19.19,1.06
445965594,19.19,1.06
356428272,19.19,1.06
263274860,19.19,1.06
220926609,19.19,1.06
167211630,20.14,1.03
711068778,20.14,1.03
197600004,20.14,1.03
300324750,20.14,1.03
757947200,20.14,1.03
328410568,20.14,1.03
441134490,20.14,1.03
384203862,20.14,1.03
270843711,18.2,1.03
210074850,18.2,1.03
632955280,18.2,1.03
809444976,18.2,1.03
324805250,18.2,1.03
220837463,18.2,1.03
271645998,18.2,1.03
172191062,18.2,1.03
269532354,6.14,1.08
277949412,6.14,1.08
442085905,6.14,1.08
364741560,6.14,1.08
956190744,6.14,1.08
729837508,6.14,1.08
560046475,6.14,1.08
471734200,6.14,1.08
557347824,14.35,1.09
223158408,14.35,1.09
655612755,14.35,1.09
742623449,14.35,1.09
406305079,14.35,1.09
536561190,14.35,1.09
389902411,14.35,1.09
212952074,14.35,1.09
440855100,15.09,1.07
229280952,15.09,1.07
249369481,15.09,1.07
680148208,15.09,1.07
712524429,15.09,1.07
318624360,15.09,1.07
730442592,15.09,1.07
151061496,15.09,1.07
487948256,15.59,1.05
497439943,15.59,1.05
258733452,15.59,1.05
315852537,15.59,1.05
578488582,15.59,1.05
804091134,15.59,1.05
607739626,15.59,1.05
360154161,15.59,1.05
447599126,5.66,1.03
237865698,5.66,1.03
672760248,5.66,1.03
571267620,5.66,1.03
480744966,5.66,1.03
881490096,5.66,1.03
353385833,5.66,1.03
444327498,5.66,1.03
229723928,20.75,1.03
596648806,20.75,1.03
419197926,20.75,1.03
625216689,20.75,1.03
544898430,20.75,1.03
170734836,20.75,1.03
316752436,20.75,1.03
136225420,20.75,1.03
401881725,20.77,1.03
579354048,20.77,1.03
624662387,20.77,1.03
471684828,20.77,1.03
347553508,20.77,1.03
561459000,20.77,1.03
473681663,20.77,1.03
365573888,20.77,1.03
145905186,19.73,1.04
497306050,19.73,1.04
279825984,19.73,1.04
203774500,19.73,1.04
1042428425,19.73,1.04
686092680,19.73,1.04
860618034,19.73,1.04
319002676,19.73,1.04
463150680,5.7,1.1
685595136,5.7,1.1
630847458,5.7,1.1
788369215,5.7,1.1
238100751,5.7,1.1
541032886,5.7,1.1
467961659,5.7,1.1
120672888,5.7,1.1
156706207,14.48,1.01
596478050,14.48,1.01
164809053,14.48,1.01
252005672,14.48,1.01
663680290,14.48,1.01
250091455,14.48,1.01
664772517,14.48,1.01
335737310,14.48,1.01
461846742,14.29,1.02
327400272,14.29,1.02
444369444,14.29,1.02
376286889,14.29,1.02
634410766,14.29,1.02
172394400,14.29,1.02
676569990,14.29,1.02
179510160,14.29,1.02
501664185,14.34,1.02
341624850,14.34,1.02
417130707,14.34,1.02
507589442,14.34,1.02
356613894,14.34,1.02
669055680,14.34,1.02
329261868,14.34,1.02
462171577,14.34,1.02
187716372,6.03,1.08
183212160,6.03,1.08
508354722,6.03,1.08
291168456,6.03,1.08
297283200,6.03,1.08
171293445,6.03,1.08
276341275,6.03,1.08
500409484,6.03,1.08
321215848,20.35,1.04
365439464,20.35,1.04
709956231,20.35,1.04
656016400,20.35,1.04
746750440,20.35,1.04
465755592,20.35,1.04
273656412,20.35,1.04
420340800,20.35,1.04
289202346,19.73,1.08
488939567,19.73,1.08
271653741,19.73,1.08
854270002,19.73,1.08
899290560,19.73,1.08
634047183,19.73,1.08
482575935,19.73,1.08
304420692,19.73,1.08
351790020,18.66,1.07
302426478,18.66,1.07
231316059,18.66,1.07
823041216,18.66,1.07
879091488,18.66,1.07
319075854,18.66,1.07
1004756064,18.66,1.07
481133288,18.66,1.07
226100211,6.48,1.02
616172736,6.48,1.02
426572288,6.48,1.02
819213254,6.48,1.02
815245992,6.48,1.02
718968600,6.48,1.02
331574833,6.48,1.02
171392272,6.48,1.02
279755358,17.8,1.09
363716002,17.8,1.09
452035791,17.8,1.09
251615910,17.8,1.09
613521755,17.8,1.09
167191641,17.8,1.09
695650813,17.8,1.09
370215360,17.8,1.09
216899481,14.05,1.11
383652046,14.05,1.11
210686952,14.05,1.11
659024365,14.05,1.11
558928908,14.05,1.11
667772090,14.05,1.11
754970919,14.05,1.11
202637700,14.05,1.11
224383431,14.91,1.06
205176201,14.91,1.06
517879180,14.91,1.06
444919305,14.91,1.06
1115242752,14.91,1.06
293312823,14.91,1.06
823240818,14.91,1.06
171251880,14.91,1.06
138092196,6.93,1.07
769465224,6.93,1.07
523727055,6.93,1.07
638853120,6.93,1.07
523994856,6.93,1.07
623447980,6.93,1.07
867004776,6.93,1.07
219328356,6.93,1.07
289935872,16.47,1.15
227812476,16.47,1.15
266653125,16.47,1.15
588629475,16.47,1.15
891640130,16.47,1.15
687293061,16.47,1.15
378130304,16.47,1.15
403409125,16.47,1.15
353888931,17.19,1.11
704749700,17.19,1.11
381862575,17.19,1.11
684448920,17.19,1.11
460152670,17.19,1.11
277865502,17.19,1.11
821973520,17.19,1.11
341850846,17.19,1.11
139009325,18.43,1.13
197231053,18.43,1.13
385617256,18.43,1.13
608914432,18.43,1.13
742355600,18.43,1.13
399704340,18.43,1.13
436863870,18.43,1.13
403968348,18.43,1.13
379723520,6.15,1.12
665283735,6.15,1.12
597681315,6.15,1.12
347713170,6.15,1.12
502737510,6.15,1.12
788672624,6.15,1.12
403803360,6.15,1.12
337519292,6.15,1.12
153476287,15.31,1.09
727665444,15.31,1.09
281658195,15.31,1.09
749079542,15.31,1.09
1242418185,15.31,1.09
711650379,15.31,1.09
321756110,15.31,1.09
432049004,15.31,1.09
595572120,14.38,1.07
654495894,14.38,1.07
791546553,14.38,1.07
929680210,14.38,1.07
831325002,14.38,1.07
527921300,14.38,1.07
1015504820,14.38,1.07
428106546,14.38,1.07
524936608,17.46,1.08
455302640,17.46,1.08
203026967,17.46,1.08
656073380,17.46,1.08
1042447042,17.46,1.08
379720413,17.46,1.08
732121992,17.46,1.08
403024294,17.46,1.08
271448970,6.54,1.1
510512301,6.54,1.1
437311272,6.54,1.1
953248692,6.54,1.1
1161978858,6.54,1.1
722175025,6.54,1.1
789869495,6.54,1.1
189744384,6.54,1.1
488501988,16.57,1.12
655465500,16.57,1.12
356536134,16.57,1.12
718469532,16.57,1.12
426241270,16.57,1.12
652809960,16.57,1.12
885241944,16.57,1.12
259443106,16.57,1.12
251930105,17.65,1.12
521171472,17.65,1.12
307797711,17.65,1.12
274174528,17.65,1.12
1013982904,17.65,1.12
406748868,17.65,1.12
248643038,17.65,1.12
425163880,17.65,1.12
550200456,19.81,1.16
493363641,19.81,1.16
332913656,19.81,1.16
774433125,19.81,1.16
724925278,19.81,1.16
585122419,19.81,1.16
209818770,19.81,1.16
109550032,19.81,1.16
308475370,5.29,1.14
373451856,5.29,1.14
648485920,5.29,1.14
345259278,5.29,1.14
681731683,5.29,1.14
299103893,5.29,1.14
401584500,5.29,1.14
439157355,5.29,1.14
355105896,17.21,1.11
720212480,17.21,1.11
602548300,17.21,1.11
838764350,17.21,1.11
483683096,17.21,1.11
634003518,17.21,1.11
864728403,17.21,1.11
128369480,17.21,1.11
534357300,18.89,1.14
369881316,18.89,1.14
569342514,18.89,1.14
589902480,18.89,1.14
1015953388,18.89,1.14
277251612,18.89,1.14
502285452,18.89,1.14
487690216,18.89,1.14
320289312,16.82,1.08
664775682,16.82,1.08
647334200,16.82,1.08
493643280,16.82,1.08
1103853608,16.82,1.08
350332488,16.82,1.08
525747336,16.82,1.08
196129856,16.82,1.08
323538160,5.44,1.07
327481548,5.44,1.07
580994832,5.44,1.07
247575243,5.44,1.07
932000682,5.44,1.07
734601535,5.44,1.07
303974275,5.44,1.07
383280660,5.44,1.07
406800293,15.45,1.09
445590960,15.45,1.09
365807000,15.45,1.09
243692442,15.45,1.09
1194174380,15.45,1.09
470289717,15.45,1.09
707582044,15.45,1.09
329645568,15.45,1.09
309873060,19.12,1.07
372512160,19.12,1.07
634216968,19.12,1.07
582480600,19.12,1.07
1050010808,19.12,1.07
344528800,19.12,1.07
974921486,19.12,1.07
346367054,19.12,1.07
286926984,20.67,1.14
605965536,20.67,1.14
369967625,20.67,1.14
292190272,20.67,1.14
1056735258,20.67,1.14
759960144,20.67,1.14
1018301379,20.67,1.14
312555443,20.67,1.14
395016960,5.69,1.12
723207520,5.69,1.12
772513868,5.69,1.12
550693800,5.69,1.12
1040603200,5.69,1.12
283188411,5.69,1.12
744423976,5.69,1.12
179856006,5.69,1.12
305137006,18.93,1.09
293424948,18.93,1.09
533087268,18.93,1.09
300398810,18.93,1.09
1045536349,18.93,1.09
655565344,18.93,1.09
751474010,18.93,1.09
230247424,18.93,1.09
519196942,16.19,1.1
431947672,16.19,1.1
553474401,16.19,1.1
276368499,16.19,1.1
531549980,16.19,1.1
563611114,16.19,1.1
412040574,16.19,1.1
311422768,16.19,1.1
245984728,19.49,1.1
673739430,19.49,1.1
596402775,19.49,1.1
356805920,19.49,1.1
824208587,19.49,1.1
202455358,19.49,1.1
338780392,19.49,1.1
264704352,19.49,1.1
529137675,5.41,1.08
400799439,5.41,1.08
230415654,5.41,1.08
331736133,5.41,1.08
566007504,5.41,1.08
274650926,5.41,1.08
488406021,5.41,1.08
276933762,5.41,1.08
590261472,20.63,1.11
460297158,20.63,1.11
657399212,20.63,1.11
756684072,20.63,1.11
647423840,20.63,1.11
168792000,20.63,1.11
764807013,20.63,1.11
422784827,20.63,1.11
215565144,17.49,1.07
245903418,17.49,1.07
366684678,17.49,1.07
239634992,17.49,1.07
616659156,17.49,1.07
732859148,17.49,1.07
812104713,17.49,1.07
284141660,17.49,1.07
331446324,18.25,1.09
239395824,18.25,1.09
405055818,18.25,1.09
307039356,18.25,1.09
320861220,18.25,1.09
715076607,18.25,1.09
725354112,18.25,1.09
116435696,18.25,1.09
390668117,6.75,1.14
510739740,6.75,1.14
586939416,6.75,1.14
676821760,6.75,1.14
861485520,6.75,1.14
698386160,6.75,1.14
442057458,6.75,1.14
473105472,6.75,1.14
152190324,20.6,1.1
234707550,20.6,1.1
178292790,20.6,1.1
488989872,20.6,1.1
1201138476,20.6,1.1
664301632,20.6,1.1
437014256,20.6,1.1
414142400,20.6,1.1
674148576,20.13,1.1
188473680,20.13,1.1
598492752,20.13,1.1
427310592,20.13,1.1
457590371,20.13,1.1
313994570,20.13,1.1
679931304,20.13,1.1
344844977,20.13,1.1
563996888,14.74,1.06
419312751,14.74,1.06
572138622,14.74,1.06
478274160,14.74,1.06
650718432,14.74,1.06
562022384,14.74,1.06
393124730,14.74,1.06
221460481,14.74,1.06
370080310,6.87,1.16
564217556,6.87,1.16
517616238,6.87,1.16
877597304,6.87,1.16
1068878433,6.87,1.16
899750544,6.87,1.16
573242416,6.87,1.16
460935520,6.87,1.16
432657906,14.89,1.11
193855980,14.89,1.11
391633492,14.89,1.11
496581344,14.89,1.11
1105496850,14.89,1.11
379008257,14.89,1.11
552550060,14.89,1.11
128132116,14.89,1.11
405418100,19.1,1.1
562584000,19.1,1.1
344633392,19.1,1.1
224062440,19.1,1.1
377004840,19.1,1.1
517518048,19.1,1.1
207193104,19.1,1.1
223742673,19.1,1.1
513409209,18.7,1.1
759269346,18.7,1.1
653407877,18.7,1.1
245790244,18.7,1.1
406220152,18.7,1.1
543933962,18.7,1.1
472391920,18.7,1.1
359355516,18.7,1.1
486313399,5.37,1.05
712002740,5.37,1.05
344710682,5.37,1.05
613201740,5.37,1.05
308904960,5.37,1.05
189011427,5.37,1.05
516818148,5.37,1.05
348184005,5.37,1.05
515275020,18.58,1.09
464122395,18.58,1.09
365695635,18.58,1.09
816431920,18.58,1.09
841014174,18.58,1.09
533552180,18.58,1.09
411035988,18.58,1.09
187091775,18.58,1.09
325003404,20.31,1.12
227127160,20.31,1.12
481443102,20.31,1.12
269523364,20.31,1.12
870793248,20.31,1.12
349365996,20.31,1.12
871261094,20.31,1.12
394562800,20.31,1.12
301475473,16.16,1.11
470161020,16.16,1.11
152419824,16.16,1.11
710582796,16.16,1.11
435947463,16.16,1.11
616714561,16.16,1.11
780298432,16.16,1.11
223061940,16.16,1.11
578278371,6.43,1.12
355127940,6.43,1.12
548362248,6.43,1.12
828225792,6.43,1.12
541905000,6.43,1.12
322141680,6.43,1.12
700870940,6.43,1.12
412839504,6.43,1.12
197198378,14.13,1.11
717315890,14.13,1.11
338928612,14.13,1.11
443163652,14.13,1.11
1253394636,14.13,1.11
817445200,14.13,1.11
738668700,14.13,1.11
459464975,14.13,1.11
666209424,15.72,1.12
831876698,15.72,1.12
511529865,15.72,1.12
465619996,15.72,1.12
517595112,15.72,1.12
712273936,15.72,1.12
860690228,15.72,1.12
416877841,15.72,1.12
468585300,20.57,1.11
358544942,20.57,1.11
759966275,20.57,1.11
746659665,20.57,1.11
680400904,20.57,1.11
866784204,20.57,1.11
290073048,20.57,1.11
325846188,20.57,1.11
218314642,5.31,1.15
630503157,5.31,1.15
529038170,5.31,1.15
803239632,5.31,1.15
966866240,5.31,1.15
572355069,5.31,1.15
262784082,5.31,1.15
224019950,5.31,1.15
462834390,20.58,1.16
421760358,20.58,1.16
326560608,20.58,1.16
482072142,20.58,1.16
769909224,20.58,1.16
338490516,20.58,1.16
891538788,20.58,1.16
182660184,20.58,1.16
209189281,17.87,1.17
678467496,17.87,1.17
491207460,17.87,1.17
224660865,17.87,1.17
891717411,17.87,1.17
797015048,17.87,1.17
533688154,17.87,1.17
351673168,17.87,1.17
374986183,18.71,1.16
565959924,18.71,1.16
333720756,18.71,1.16
202504728,18.71,1.16
529540512,18.71,1.16
375037628,18.71,1.16
662387290,18.71,1.16
330682100,18.71,1.16
153450020,5.31,1.14
579500763,5.31,1.14
252053958,5.31,1.14
294525460,5.31,1.14
896549472,5.31,1.14
361871445,5.31,1.14
717564985,5.31,1.14
303816480,5.31,1.14
272943983,15.12,1.14
277229646,15.12,1.14
244410846,15.12,1.14
765550050,15.12,1.14
549847536,15.12,1.14
765904092,15.12,1.14
488868784,15.12,1.14
112827428,15.12,1.14
459016612,15.64,1.15
692862237,15.64,1.15
218005653,15.64,1.15
642689210,15.64,1.15
433773568,15.64,1.15
377603127,15.64,1.15
613310355,15.64,1.15
380810038,15.64,1.15
271802691,14.62,1.14
428096805,14.62,1.14
705938226,14.62,1.14
820586332,14.62,1.14
789892961,14.62,1.14
239407515,14.62,1.14
924333214,14.62,1.14
286621608,14.62,1.14
420649263,6.73,1.19
609632556,6.73,1.19
282072097,6.73,1.19
533836340,6.73,1.19
942611427,6.73,1.19
612129084,6.73,1.19
380536100,6.73,1.19
320006940,6.73,1.19
289338660,14.82,1.14
477643632,14.82,1.14
376936606,14.82,1.14
821917800,14.82,1.14
764808073,14.82,1.14
319968740,14.82,1.14
645675760,14.82,1.14
552829750,14.82,1.14
374259600,15.56,1.16
702683613,15.56,1.16
815815936,15.56,1.16
755417218,15.56,1.16
1031375890,15.56,1.16
395603352,15.56,1.16
817470095,15.56,1.16
581471198,15.56,1.16
394295265,19.64,1.11
515127678,19.64,1.11
482203302,19.64,1.11
217330312,19.64,1.11
665252452,19.64,1.11
276952508,19.64,1.11
1059880614,19.64,1.11
541336092,19.64,1.11
500396930,6.31,1.13
724357242,6.31,1.13
510671168,6.31,1.13
410456852,6.31,1.13
481273782,6.31,1.13
342184667,6.31,1.13
801558072,6.31,1.13
239775723,6.31,1.13
230270898,17.76,1.2
206076864,17.76,1.2
434105379,17.76,1.2
226379220,17.76,1.2
708526870,17.76,1.2
401773750,17.76,1.2
387109116,17.76,1.2
291303155,17.76,1.2
145865500,18.74,1.2
326078088,18.74,1.2
635332032,18.74,1.2
780310888,18.74,1.2
535409064,18.74,1.2
283553375,18.74,1.2
907058100,18.74,1.2
256997916,18.74,1.2
169794375,16.27,1.18
646624608,16.27,1.18
386441076,16.27,1.18
576199552,16.27,1.18
946383361,16.27,1.18
773943974,16.27,1.18
283526354,16.27,1.18
238026305,16.27,1.18
155241255,6.51,1.11
595497560,6.51,1.11
219678457,6.51,1.11
573318744,6.51,1.11
390761334,6.51,1.11
607251456,6.51,1.11
894286996,6.51,1.11
471747584,6.51,1.11
419214420,18.88,1.13
462227479,18.88,1.13
259309178,18.88,1.13
316900800,18.88,1.13
401750624,18.88,1.13
467921286,18.88,1.13
848254600,18.88,1.13
526076286,18.88,1.13
294743854,14.36,1.13
532575720,14.36,1.13
443524158,14.36,1.13
780582295,14.36,1.13
694356208,14.36,1.13
786790394,14.36,1.13
744284690,14.36,1.13
307864596,14.36,1.13
246425240,15.82,1.12
679702182,15.82,1.12
527089267,15.82,1.12
804428112,15.82,1.12
424083424,15.82,1.12
409338913,15.82,1.12
337721329,15.82,1.12
390776157,15.82,1.12
580471540,5.34,1.15
315277956,5.34,1.15
161932165,5.34,1.15
634671450,5.34,1.15
1029810817,5.34,1.15
181613766,5.34,1.15
431165860,5.34,1.15
253031331,5.34,1.15
219073764,17.3,1.15
696802074,17.3,1.15
562173066,17.3,1.15
763763418,17.3,1.15
1242061789,17.3,1.15
211684510,17.3,1.15
471760275,17.3,1.15
228363453,17.3,1.15
627650250,15.58,1.13
285864432,15.58,1.13
771979320,15.58,1.13
821660320,15.58,1.13
764956780,15.58,1.13
646918416,15.58,1.13
759596400,15.58,1.13
563128828,15.58,1.13
425519400,17.38,1.16
289098084,17.38,1.16
541314480,17.38,1.16
380139870,17.38,1.16
306184144,17.38,1.16
801552629,17.38,1.16
576324210,17.38,1.16
429411381,17.38,1.16
389338742,6.05,1.18
762181066,6.05,1.18
749484996,6.05,1.18
639220472,6.05,1.18
910718360,6.05,1.18
895311960,6.05,1.18
884551624,6.05,1.18
563575455,6.05,1.18
143407916,14.72,1.17
462683652,14.72,1.17
202839471,14.72,1.17
460084014,14.72,1.17
325494904,14.72,1.17
711267318,14.72,1.17
356064768,14.72,1.17
503367040,14.72,1.17
327615911,15.24,1.14
329267790,15.24,1.14
251421300,15.24,1.14
771641888,15.24,1.14
1111464288,15.24,1.14
421375770,15.24,1.14
614117775,15.24,1.14
243706488,15.24,1.14
478236408,19.11,1.18
257089860,19.11,1.18
280978334,19.11,1.18
467435985,19.11,1.18
1019603520,19.11,1.18
191630756,19.11,1.18
268631656,19.11,1.18
383322600,19.11,1.18
250664940,5.1,1.15
277161183,5.1,1.15
636524646,5.1,1.15
200238974,5.1,1.15
658626395,5.1,1.15
731774588,5.1,1.15
316917981,5.1,1.15
188621856,5.1,1.15
581796656,16.32,1.18
639254432,16.32,1.18
669493368,16.32,1.18
501657120,16.32,1.18
1131214194,16.32,1.18
336687372,16.32,1.18
889499608,16.32,1.18
225575064,16.32,1.18
143908216,20.9,1.18
700521074,20.9,1.18
548540982,20.9,1.18
257398767,20.9,1.18
372401064,20.9,1.18
568691109,20.9,1.18
869922543,20.9,1.18
171093984,20.9,1.18
508028184,15.5,1.18
220680060,15.5,1.18
685921257,15.5,1.18
543498857,15.5,1.18
380026350,15.5,1.18
468970280,15.5,1.18
486461199,15.5,1.18
170283190,15.5,1.18
448151994,5.39,1.12
663088140,5.39,1.12
642416212,5.39,1.12
240579956,5.39,1.12
272942383,5.39,1.12
555173060,5.39,1.12
490819385,5.39,1.12
343064925,5.39,1.12
405334842,19.74,1.15
687533616,19.74,1.15
281474248,19.74,1.15
770427296,19.74,1.15
918921750,19.74,1.15
827347053,19.74,1.15
999964864,19.74,1.15
582826516,19.74,1.15
188969570,14.56,1.12
602196030,14.56,1.12
400141896,14.56,1.12
759890634,14.56,1.12
1196291700,14.56,1.12
235078576,14.56,1.12
946831440,14.56,1.12
325147032,14.56,1.12
277300430,18.52,1.11
308938374,18.52,1.11
447871074,18.52,1.11
686449970,18.52,1.11
1327481990,18.52,1.11
296921184,18.52,1.11
425992544,18.52,1.11
476369336,18.52,1.11
285096166,6.93,1.16
265605885,6.93,1.16
780365880,6.93,1.16
558887918,6.93,1.16
790443808,6.93,1.16
481193130,6.93,1.16
693213261,6.93,1.16
368905852,6.93,1.16
417603140,19.12,1.18
341751021,19.12,1.18
339977067,19.12,1.18
186267814,19.12,1.18
349200852,19.12,1.18
792518982,19.12,1.18
699703264,19.12,1.18
235854574,19.12,1.18
412313718,17.04,1.2
477497500,17.04,1.2
226884074,17.04,1.2
413708940,17.04,1.2
724777020,17.04,1.2
463533999,17.04,1.2
607739097,17.04,1.2
298548792,17.04,1.2
460703985,17.59,1.14
707495418,17.59,1.14
283548668,17.59,1.14
302235325,17.59,1.14
769969140,17.59,1.14
570857112,17.59,1.14
741023952,17.59,1.14
358155840,17.59,1.14
370424376,6.19,1.16
643251258,6.19,1.16
421024074,6.19,1.16
586474185,6.19,1.16
1047364539,6.19,1.16
654190734,6.19,1.16
746886959,6.19,1.16
465003070,6.19,1.16
434326229,20.04,1.19
206334112,20.04,1.19
364713245,20.04,1.19
187496519,20.04,1.19
972192231,20.04,1.19
728446830,20.04,1.19
206095470,20.04,1.19
166386960,20.04,1.19
445305414,19.36,1.13
463832139,19.36,1.13
343716772,19.36,1.13
300806500,19.36,1.13
516088125,19.36,1.13
640966110,19.36,1.13
264398919,19.36,1.13
260242682,19.36,1.13
492557864,19.36,1.18
228237670,19.36,1.18
455051645,19.36,1.18
655939005,19.36,1.18
1157214338,19.36,1.18
637562864,19.36,1.18
264852096,19.36,1.18
171758944,19.36,1.18
465991375,5.49,1.17
502280625,5.49,1.17
568065510,5.49,1.17
319762857,5.49,1.17
714336120,5.49,1.17
440100052,5.49,1.17
211955210,5.49,1.17
120350280,5.49,1.17
383915273,19.94,1.2
618785044,19.94,1.2
565957040,19.94,1.2
321654270,19.94,1.2
934132090,19.94,1.2
755895644,19.94,1.2
348979320,19.94,1.2
267667487,19.94,1.2
362686772,16.14,1.12
446131768,16.14,1.12
498544267,16.14,1.12
654651720,16.14,1.12
1306467472,16.14,1.12
868590837,16.14,1.12
609504338,16.14,1.12
601813056,16.14,1.12
653958106,14.85,1.15
520884860,14.85,1.15
249394250,14.85,1.15
476068776,14.85,1.15
1256758776,14.85,1.15
241124096,14.85,1.15
361860972,14.85,1.15
510471963,14.85,1.15
481027370,6.72,1.23
400854528,6.72,1.23
681722545,6.72,1.23
476789058,6.72,1.23
464635426,6.72,1.23
289251990,6.72,1.23
920329630,6.72,1.23
270294660,6.72,1.23
473602768,19.71,1.23
306055335,19.71,1.23
164734374,19.71,1.23
799288470,19.71,1.23
483575232,19.71,1.23
574800772,19.71,1.23
343715726,19.71,1.23
273095550,19.71,1.23
241922604,17.07,1.16
562036014,17.07,1.16
588211216,17.07,1.16
273699217,17.07,1.16
371559552,17.07,1.16
314298312,17.07,1.16
841308035,17.07,1.16
523059876,17.07,1.16
155444340,20.54,1.2
569539631,20.54,1.2
563482062,20.54,1.2
866775475,20.54,1.2
1049218884,20.54,1.2
662298240,20.54,1.2
854432152,20.54,1.2
460463458,20.54,1.2
334722216,5.55,1.2
203169656,5.55,1.2
717482200,5.55,1.2
299840463,5.55,1.2
1025417003,5.55,1.2
274884588,5.55,1.2
459626860,5.55,1.2
497752192,5.55,1.2
158321085,19.66,1.23
340444686,19.66,1.23
342996694,19.66,1.23
653127990,19.66,1.23
963636140,19.66,1.23
450875644,19.66,1.23
397633558,19.66,1.23
389551319,19.66,1.23
459197662,15.26,1.2
617408148,15.26,1.2
216298445,15.26,1.2
524374548,15.26,1.2
551587960,15.26,1.2
503621160,15.26,1.2
597725520,15.26,1.2
248597616,15.26,1.2
273299982,18.07,1.17
219130093,18.07,1.17
677827010,18.07,1.17
334064420,18.07,1.17
391154274,18.07,1.17
703272570,18.07,1.17
654634376,18.07,1.17
416356826,18.07,1.17
611005780,6.49,1.19
531806772,6.49,1.19
196391296,6.49,1.19
465946504,6.49,1.19
1126624134,6.49,1.19
430052735,6.49,1.19
762456531,6.49,1.19
434702121,6.49,1.19
152572904,14.44,1.2
632144970,14.44,1.2
363080614,14.44,1.2
471907600,14.44,1.2
361917110,14.44,1.2
573520320,14.44,1.2
796743867,14.44,1.2
517252182,14.44,1.2
230906520,17.85,1.21
757249710,17.85,1.21
763277044,17.85,1.21
917665848,17.85,1.21
508242023,17.85,1.21
443915044,17.85,1.21
664385816,17.85,1.21
452556720,17.85,1.21
237786388,15.92,1.17
275601042,15.92,1.17
633618736,15.92,1.17
344169571,15.92,1.17
610129974,15.92,1.17
496979114,15.92,1.17
266531863,15.92,1.17
227781200,15.92,1.17
685891332,5.96,1.22
571481583,5.96,1.22
685678170,5.96,1.22
271720512,5.96,1.22
828020278,5.96,1.22
754483488,5.96,1.22
460278838,5.96,1.22
201652044,5.96,1.22
358614162,14.59,1.22
623073867,14.59,1.22
390851760,14.59,1.22
574756711,14.59,1.22
1030802826,14.59,1.22
782711197,14.59,1.22
331683942,14.59,1.22
464752731,14.59,1.22
572517048,17.2,1.18
216087737,17.2,1.18
511661584,17.2,1.18
722504397,17.2,1.18
1032121129,17.2,1.18
664770784,17.2,1.18
800691768,17.2,1.18
317628036,17.2,1.18
137814206,20.19,1.15
181231305,20.19,1.15
351621648,20.19,1.15
638043060,20.19,1.15
740884854,20.19,1.15
584487360,20.19,1.15
585912027,20.19,1.15
298359243,20.19,1.15
396242286,5.5,1.27
394558482,5.5,1.27
228029027,5.5,1.27
556715302,5.5,1.27
543413313,5.5,1.27
526002368,5.5,1.27
453503118,5.5,1.27
236318504,5.5,1.27
488131176,15.41,1.18
712339236,15.41,1.18
382759573,15.41,1.18
650852037,15.41,1.18
681255900,15.41,1.18
604747584,15.41,1.18
548694500,15.41,1.18
427843182,15.41,1.18
487339600,17.96,1.24
678269640,17.96,1.24
404873294,17.96,1.24
185729744,17.96,1.24
328357084,17.96,1.24
332402301,17.96,1.24
405524860,17.96,1.24
129746660,17.96,1.24
443573340,20.51,1.22
394787360,20.51,1.22
438237583,20.51,1.22
498751240,20.51,1.22
299129844,20.51,1.22
732952960,20.51,1.22
351279552,20.51,1.22
488039510,20.51,1.22
612353096,5.46,1.19
694054800,5.46,1.19
167346718,5.46,1.19
791416080,5.46,1.19
775996992,5.46,1.19
231492808,5.46,1.19
374509116,5.46,1.19
352998995,5.46,1.19
549896256,20.37,1.12
798674679,20.37,1.12
516550205,20.37,1.12
797202900,20.37,1.12
1287809400,20.37,1.12
646135508,20.37,1.12
886187520,20.37,1.12
309248730,20.37,1.12
411839355,17.29,1.2
512291867,17.29,1.2
239459892,17.29,1.2
740812592,17.29,1.2
617244448,17.29,1.2
718579485,17.29,1.2
365631756,17.29,1.2
625690170,17.29,1.2
405288460,19.36,1.21
445974828,19.36,1.21
725685000,19.36,1.21
696447732,19.36,1.21
970206390,19.36,1.21
533236881,19.36,1.21
1050231168,19.36,1.21
582466444,19.36,1.21
489165204,5.57,1.17
305865049,5.57,1.17
484052016,5.57,1.17
572330749,5.57,1.17
746555756,5.57,1.17
518278904,5.57,1.17
959779132,5.57,1.17
436612660,5.57,1.17
560293440,20.56,1.24
460960820,20.56,1.24
670423248,20.56,1.24
588342392,20.56,1.24
1140373039,20.56,1.24
611889916,20.56,1.24
475449280,20.56,1.24
203384076,20.56,1.24
158863804,14.63,1.18
505927824,14.63,1.18
448990282,14.63,1.18
249945551,14.63,1.18
441769592,14.63,1.18
255512999,14.63,1.18
467322605,14.63,1.18
161133948,14.63,1.18
494741952,20.77,1.22
226760655,20.77,1.22
244515650,20.77,1.22
676276160,20.77,1.22
931087206,20.77,1.22
421840375,20.77,1.22
385109400,20.77,1.22
318577655,20.77,1.22
607453440,6.64,1.19
527511582,6.64,1.19
543216000,6.64,1.19
658677432,6.64,1.19
444333712,6.64,1.19
608977786,6.64,1.19
356161888,6.64,1.19
258043536,6.64,1.19
181738809,19.89,1.22
571253622,19.89,1.22
286213020,19.89,1.22
364221324,19.89,1.22
1136907835,19.89,1.22
402718348,19.89,1.22
721068216,19.89,1.22
280874628,19.89,1.22
621112661,17.11,1.23
595951560,17.11,1.23
359159808,17.11,1.23
209095392,17.11,1.23
445303573,17.11,1.23
348092340,17.11,1.23
923740898,17.11,1.23
214183293,17.11,1.23
439451660,17.21,1.27
466389028,17.21,1.27
693605700,17.21,1.27
467229123,17.21,1.27
1023385880,17.21,1.27
632050402,17.21,1.27
425987234,17.21,1.27
189517152,17.21,1.27
377159715,5.61,1.2
296393160,5.61,1.2
375396684,5.61,1.2
777893025,5.61,1.2
782889044,5.61,1.2
364208386,5.61,1.2
805383516,5.61,1.2
338371852,5.61,1.2
198663051,15.14,1.22
342494880,15.14,1.22
432925180,15.14,1.22
458614324,15.14,1.22
599064775,15.14,1.22
719442110,15.14,1.22
959642380,15.14,1.22
302140521,15.14,1.22
160750512,20.79,1.19
761531412,20.79,1.19
525105369,20.79,1.19
810262695,20.79,1.19
985736211,20.79,1.19
640620552,20.79,1.19
952382904,20.79,1.19
314461602,20.79,1.19
214972072,18.12,1.22
275306759,18.12,1.22
497793062,18.12,1.22
463188984,18.12,1.22
326078820,18.12,1.22
454292280,18.12,1.22
930716076,18.12,1.22
339351876,18.12,1.22
623509599,6.95,1.18
486213378,6.95,1.18
780289550,6.95,1.18
958116600,6.95,1.18
1224596424,6.95,1.18
255626752,6.95,1.18
784663125,6.95,1.18
530608947,6.95,1.18
164368638,16.78,1.2
461622336,16.78,1.2
473362560,16.78,1.2
637668675,16.78,1.2
312535080,16.78,1.2
189679760,16.78,1.2
516064210,16.78,1.2
550329340,16.78,1.2
127119720,14.74,1.21
766524462,14.74,1.21
383672364,14.74,1.21
518882517,14.74,1.21
365290080,14.74,1.21
406137344,14.74,1.21
821632986,14.74,1.21
361044680,14.74,1.21
239244690,17.5,1.18
253493088,17.5,1.18
391956290,17.5,1.18
298225530,17.5,1.18
818520069,17.5,1.18
795883904,17.5,1.18
500952588,17.5,1.18
124262052,17.5,1.18
595738346,5.45,1.16
560353230,5.45,1.16
464202550,5.45,1.16
310414260,5.45,1.16
417845862,5.45,1.16
426367836,5.45,1.16
296569728,5.45,1.16
331998873,5.45,1.16
202687810,14.38,1.18
511068040,14.38,1.18
573856650,14.38,1.18
763375132,14.38,1.18
638684826,14.38,1.18
273823430,14.38,1.18
774302660,14.38,1.18
343172418,14.38,1.18
181822212,19.33,1.18
749347200,19.33,1.18
410444328,19.33,1.18
886695180,19.33,1.18
943106186,19.33,1.18
220650336,19.33,1.18
521730849,19.33,1.18
137253450,19.33,1.18
574046715,18.17,1.25
589208022,18.17,1.25
614823488,18.17,1.25
855158150,18.17,1.25
623612416,18.17,1.25
785615716,18.17,1.25
727392108,18.17,1.25
136390835,18.17,1.25
423263373,5.76,1.18
275388078,5.76,1.18
218404940,5.76,1.18
571370212,5.76,1.18
402866730,5.76,1.18
232527020,5.76,1.18
911604633,5.76,1.18
189301028,5.76,1.18
162149840,14.24,1.22
735223104,14.24,1.22
320335791,14.24,1.22
826840710,14.24,1.22
1259257830,14.24,1.22
830216010,14.24,1.22
561411994,14.24,1.22
614419814,14.24,1.22
554918182,15.01,1.18
249016222,15.01,1.18
734396600,15.01,1.18
866972288,15.01,1.18
1185089940,15.01,1.18
503546821,15.01,1.18
720213700,15.01,1.18
526969190,15.01,1.18
484888773,14.2,1.22
903945210,14.2,1.22
406285440,14.2,1.22
278292814,14.2,1.22
440127552,14.2,1.22
334672375,14.2,1.22
523198116,14.2,1.22
208500025,14.2,1.22
432217710,5.26,1.26
208511072,5.26,1.26
178570600,5.26,1.26
310952433,5.26,1.26
844676406,5.26,1.26
820597675,5.26,1.26
1033393332,5.26,1.26
144220180,5.26,1.26
312555672,20.81,1.19
519039940,20.81,1.19
231840873,20.81,1.19
209403422,20.81,1.19
250773347,20.81,1.19
312818716,20.81,1.19
676308180,20.81,1.19
208417339,20.81,1.19
205121616,19.53,1.24
686043980,19.53,1.24
253435042,19.53,1.24
411139730,19.53,1.24
1090681704,19.53,1.24
357580080,19.53,1.24
211956737,19.53,1.24
243429120,19.53,1.24
617325306,20.67,1.27
775565050,20.67,1.27
378090440,20.67,1.27
761050312,20.67,1.27
395268360,20.67,1.27
674658810,20.67,1.27
558324690,20.67,1.27
294615114,20.67,1.27
159957984,6.53,1.31
220237728,6.53,1.31
155925056,6.53,1.31
366982808,6.53,1.31
921101310,6.53,1.31
829449312,6.53,1.31
769724395,6.53,1.31
172372536,6.53,1.31
137186091,14.93,1.24
653868300,14.93,1.24
686036610,14.93,1.24
424423552,14.93,1.24
760104764,14.93,1.24
673758734,14.93,1.24
323894312,14.93,1.24
279440546,14.93,1.24
352747670,16.93,1.29
568124876,16.93,1.29
707647416,16.93,1.29
549252275,16.93,1.29
849546879,16.93,1.29
739088505,16.93,1.29
762715176,16.93,1.29
212819464,16.93,1.29
560063529,20.36,1.26
771373775,20.36,1.26
449410620,20.36,1.26
836874808,20.36,1.26
681005809,20.36,1.26
390519456,20.36,1.26
878943472,20.36,1.26
295792266,20.36,1.26
373887220,6.42,1.27
679386240,6.42,1.27
755247080,6.42,1.27
836817986,6.42,1.27
1200692730,6.42,1.27
234349808,6.42,1.27
843967410,6.42,1.27
266011655,6.42,1.27
622720791,19.14,1.22
856815835,19.14,1.22
651882000,19.14,1.22
478141846,19.14,1.22
733189362,19.14,1.22
725428985,19.14,1.22
324648501,19.14,1.22
328429350,19.14,1.22
656939250,18.47,1.2
592494139,18.47,1.2
811780255,18.47,1.2
441925183,18.47,1.2
351980288,18.47,1.2
485471252,18.47,1.2
1089846954,18.47,1.2
320222772,18.47,1.2
752916192,16.61,1.23
541365462,16.61,1.23
712424514,16.61,1.23
855383004,16.61,1.23
463112821,16.61,1.23
453804120,16.61,1.23
412619592,16.61,1.23
437400030,16.61,1.23
476583849,5.48,1.22
799284160,5.48,1.22
831114240,5.48,1.22
411950390,5.48,1.22
882140450,5.48,1.22
817402135,5.48,1.22
618571362,5.48,1.22
266948214,5.48,1.22
533058800,16.81,1.25
487681275,16.81,1.25
519345315,16.81,1.25
735161238,16.81,1.25
503514555,16.81,1.25
259421376,16.81,1.25
688773204,16.81,1.25
158579964,16.81,1.25
597515292,19.18,1.22
222617572,19.18,1.22
353211792,19.18,1.22
573270456,19.18,1.22
681912508,19.18,1.22
294053622,19.18,1.22
608575855,19.18,1.22
196515372,19.18,1.22
156700104,14.68,1.25
183667575,14.68,1.25
208896272,14.68,1.25
279823900,14.68,1.25
985252896,14.68,1.25
652575968,14.68,1.25
929290017,14.68,1.25
450606872,14.68,1.25
228876608,6.9,1.22
726394625,6.9,1.22
736777868,6.9,1.22
385429800,6.9,1.22
381209076,6.9,1.22
781861860,6.9,1.22
334797400,6.9,1.22
274012596,6.9,1.22
219166092,16.22,1.25
290031900,16.22,1.25
505381296,16.22,1.25
191305499,16.22,1.25
903184349,16.22,1.25
738339920,16.22,1.25
935694480,16.22,1.25
157654530,16.22,1.25
169922916,20.3,1.24
398987386,20.3,1.24
387323274,20.3,1.24
848784736,20.3,1.24
750608002,20.3,1.24
768856062,20.3,1.24
894401402,20.3,1.24
378689079,20.3,1.24
337447392,15.8,1.27
282459842,15.8,1.27
644020455,15.8,1.27
441658560,15.8,1.27
384650934,15.8,1.27
589719200,15.8,1.27
950652449,15.8,1.27
135869792,15.8,1.27
543365998,5.28,1.29
677148655,5.28,1.29
490469907,5.28,1.29
463712295,5.28,1.29
874691272,5.28,1.29
729429420,5.28,1.29
436672096,5.28,1.29
386684352,5.28,1.29
648769520,19.42,1.24
536793426,19.42,1.24
197654427,19.42,1.24
555684012,19.42,1.24
723746637,19.42,1.24
430043172,19.42,1.24
859831236,19.42,1.24
142607702,19.42,1.24
328877276,14.15,1.26
870446058,14.15,1.26
329740125,14.15,1.26
384181765,14.15,1.26
408540576,14.15,1.26
888855030,14.15,1.26
950785576,14.15,1.26
633285050,14.15,1.26
411906198,19.96,1.25
732051621,19.96,1.25
505006116,19.96,1.25
1008868071,19.96,1.25
836615840,19.96,1.25
470087064,19.96,1.25
656960086,19.96,1.25
404973728,19.96,1.25
169226706,5.82,1.27
395128480,5.82,1.27
357927570,5.82,1.27
523029429,5.82,1.27
1254877184,5.82,1.27
326428002,5.82,1.27
811135710,5.82,1.27
313514046,5.82,1.27
628848660,17.3,1.29
610683228,17.3,1.29
395982587,17.3,1.29
229039650,17.3,1.29
629693107,17.3,1.29
296713239,17.3,1.29
513394805,17.3,1.29
283564650,17.3,1.29
340869684,19.21,1.27
709141825,19.21,1.27
321463104,19.21,1.27
231843756,19.21,1.27
1006747704,19.21,1.27
293701023,19.21,1.27
684236160,19.21,1.27
151243750,19.21,1.27
224600656,15.89,1.26
649697566,15.89,1.26
198260715,15.89,1.26
671099530,15.89,1.26
1148787029,15.89,1.26
731403750,15.89,1.26
946969114,15.89,1.26
242117200,15.89,1.26
355470494,6.89,1.19
262683690,6.89,1.19
479305758,6.89,1.19
397842592,6.89,1.19
365976640,6.89,1.19
778402930,6.89,1.19
619232990,6.89,1.19
220002377,6.89,1.19
623939910,17.4,1.22
395493504,17.4,1.22
192662904,17.4,1.22
626972472,17.4,1.22
689207880,17.4,1.22
760073040,17.4,1.22
753378670,17.4,1.22
167652980,17.4,1.22
537166410,19.07,1.25
429240812,19.07,1.25
703909110,19.07,1.25
788873168,19.07,1.25
508236781,19.07,1.25
527060130,19.07,1.25
531410132,19.07,1.25
156205675,19.07,1.25
552886086,15.72,1.23
728841688,15.72,1.23
333803362,15.72,1.23
256652104,15.72,1.23
433582326,15.72,1.23
274501760,15.72,1.23
242492816,15.72,1.23
181040119,15.72,1.23
296851392,6.62,1.29
608277459,6.62,1.29
505667196,6.62,1.29
750678720,6.62,1.29
258442812,6.62,1.29
202423328,6.62,1.29
942226030,6.62,1.29
232645000,6.62,1.29
350314305,20.22,1.26
889638920,20.22,1.26
202765576,20.22,1.26
353346756,20.22,1.26
609403592,20.22,1.26
875238183,20.22,1.26
557590452,20.22,1.26
181678182,20.22,1.26
179876873,20.95,1.26
736142752,20.95,1.26
556238495,20.95,1.26
495817216,20.95,1.26
540436769,20.95,1.26
607100328,20.95,1.26
643505316,20.95,1.26
435273876,20.95,1.26
416961108,14.79,1.27
542842244,14.79,1.27
595600044,14.79,1.27
397462488,14.79,1.27
744151980,14.79,1.27
714792364,14.79,1.27
841691188,14.79,1.27
663258575,14.79,1.27
512603305,5.51,1.28
441532881,5.51,1.28
459324680,5.51,1.28
415799637,5.51,1.28
1107877664,5.51,1.28
788098403,5.51,1.28
427563811,5.51,1.28
305895242,5.51,1.28
560233102,17.64,1.31
375853572,17.64,1.31
769648572,17.64,1.31
664876500,17.64,1.31
597389496,17.64,1.31
796562082,17.64,1.31
267162184,17.64,1.31
356230908,17.64,1.31
488052200,18.19,1.18
534993200,18.19,1.18
283386540,18.19,1.18
752837400,18.19,1.18
360825090,18.19,1.18
410594390,18.19,1.18
721873120,18.19,1.18
407931648,18.19,1.18
533965334,20.71,1.21
637795800,20.71,1.21
479726036,20.71,1.21
418710635,20.71,1.21
906896520,20.71,1.21
202351740,20.71,1.21
294851106,20.71,1.21
229533702,20.71,1.21
418495275,6.02,1.24
395204847,6.02,1.24
729802504,6.02,1.24
406763235,6.02,1.24
769706616,6.02,1.24
491665840,6.02,1.24
686562632,6.02,1.24
474769500,6.02,1.24
389165766,16.04,1.23
224737600,16.04,1.23
166756656,16.04,1.23
682322212,16.04,1.23
887969208,16.04,1.23
801614957,16.04,1.23
757049830,16.04,1.23
254441020,16.04,1.23
146145708,14.35,1.23
690393688,14.35,1.23
691152165,14.35,1.23
545688000,14.35,1.23
1002183142,14.35,1.23
811900812,14.35,1.23
871136266,14.35,1.23
477362840,14.35,1.23
514918950,20.69,1.28
498373974,20.69,1.28
333512290,20.69,1.28
583894155,20.69,1.28
1134225544,20.69,1.28
242739770,20.69,1.28
732192626,20.69,1.28
534457673,20.69,1.28
314489175,5.65,1.29
576000608,5.65,1.29
326122350,5.65,1.29
838923674,5.65,1.29
1060633700,5.65,1.29
532963314,5.65,1.29
332462125,5.65,1.29
311336506,5.65,1.29
405648444,14.11,1.27
419919972,14.11,1.27
653170752,14.11,1.27
924605760,14.11,1.27
927578826,14.11,1.27
955698110,14.11,1.27
390016284,14.11,1.27
498136139,14.11,1.27
613013440,17.54,1.2
927297408,17.54,1.2
810021216,17.54,1.2
542855053,17.54,1.2
1003195440,17.54,1.2
354595024,17.54,1.2
375474540,17.54,1.2
429005430,17.54,1.2
307606806,15.08,1.23
273889616,15.08,1.23
212279823,15.08,1.23
614356450,15.08,1.23
623523624,15.08,1.23
974436090,15.08,1.23
414722322,15.08,1.23
201932458,15.08,1.23
330656768,5.57,1.33
341970300,5.57,1.33
745304582,5.57,1.33
585453600,5.57,1.33
401076507,5.57,1.33
478547434,5.57,1.33
1111973190,5.57,1.33
385681086,5.57,1.33
467246760,15.11,1.28
176303668,15.11,1.28
363084953,15.11,1.28
677877585,15.11,1.28
547916895,15.11,1.28
561985050,15.11,1.28
426397815,15.11,1.28
509635308,15.11,1.28
143561418,17.3,1.34
222007521,17.3,1.34
445541012,17.3,1.34
592744923,17.3,1.34
761113808,17.3,1.34
658006262,17.3,1.34
593739036,17.3,1.34
162124332,17.3,1.34
429116940,18.9,1.26
575218968,18.9,1.26
285493452,18.9,1.26
756319119,18.9,1.26
927023571,18.9,1.26
837198216,18.9,1.26
469071071,18.9,1.26
360272110,18.9,1.26
609918694,6.0,1.34
554097872,6.0,1.34
221800548,6.0,1.34
790691580,6.0,1.34
1172308833,6.0,1.34
599120353,6.0,1.34
480992972,6.0,1.34
370306854,6.0,1.34
531058336,17.19,1.29
729801356,17.19,1.29
222839652,17.19,1.29
261162654,17.19,1.29
294190080,17.19,1.29
877724800,17.19,1.29
469869392,17.19,1.29
501995794,17.19,1.29
224023800,19.28,1.32
751918404,19.28,1.32
348810580,19.28,1.32
942632256,19.28,1.32
734507745,19.28,1.32
369309555,19.28,1.32
921976985,19.28,1.32
318210878,19.28,1.32
370467808,17.39,1.26
372316732,17.39,1.26
209243307,17.39,1.26
208742264,17.39,1.26
261078376,17.39,1.26
725411862,17.39,1.26
245214464,17.39,1.26
485805600,17.39,1.26
220453200,6.79,1.35
317091456,6.79,1.35
451863021,6.79,1.35
412959692,6.79,1.35
946969184,6.79,1.35
732393104,6.79,1.35
214430472,6.79,1.35
133028082,6.79,1.35
194275400,17.1,1.29
509171796,17.1,1.29
774812072,17.1,1.29
541500270,17.1,1.29
1107646900,17.1,1.29
544980735,17.1,1.29
1039777358,17.1,1.29
234886906,17.1,1.29
250586886,15.87,1.23
803944251,15.87,1.23
299533488,15.87,1.23
587375871,15.87,1.23
309676608,15.87,1.23
513214190,15.87,1.23
1025395904,15.87,1.23
478051728,15.87,1.23
764250318,14.7,1.34
731173011,14.7,1.34
288903477,14.7,1.34
663787075,14.7,1.34
1014440688,14.7,1.34
827155026,14.7,1.34
635714900,14.7,1.34
348117972,14.7,1.34
332199225,5.56,1.34
374475150,5.56,1.34
479244673,5.56,1.34
580383350,5.56,1.34
1028062070,5.56,1.34
998993892,5.56,1.34
655158920,5.56,1.34
449053400,5.56,1.34
573777216,16.13,1.23
216001458,16.13,1.23
478928925,16.13,1.23
275276296,16.13,1.23
1243412759,16.13,1.23
854982717,16.13,1.23
292162500,16.13,1.23
214735790,16.13,1.23
471671856,17.64,1.31
824034141,17.64,1.31
457597728,17.64,1.31
536034044,17.64,1.31
1207302000,17.64,1.31
714151224,17.64,1.31
650983248,17.64,1.31
239697090,17.64,1.31
294392166,20.97,1.31
482972544,20.97,1.31
445224780,20.97,1.31
302710120,20.97,1.31
932556492,20.97,1.31
814859073,20.97,1.31
686129800,20.97,1.31
349119600,20.97,1.31
286115926,5.81,1.21
754943384,5.81,1.21
343289705,5.81,1.21
845289380,5.81,1.21
428288890,5.81,1.21
461298217,5.81,1.21
291852792,5.81,1.21
244811644,5.81,1.21
166708269,20.51,1.25
227450531,20.51,1.25
638723270,20.51,1.25
518534168,20.51,1.25
1223837120,20.51,1.25
240993572,20.51,1.25
999538260,20.51,1.25
155023680,20.51,1.25
400339770,19.85,1.26
450523008,19.85,1.26
324983736,19.85,1.26
694810248,19.85,1.26
1259104536,19.85,1.26
662971928,19.85,1.26
402587634,19.85,1.26
236877795,19.85,1.26
509786424,16.86,1.3
214081920,16.86,1.3
440101790,16.86,1.3
636541670,16.86,1.3
664884726,16.86,1.3
784591470,16.86,1.3
565779929,16.86,1.3
584911314,16.86,1.3
286884493,5.82,1.33
400792677,5.82,1.33
172667760,5.82,1.33
654188288,5.82,1.33
858604392,5.82,1.33
793335329,5.82,1.33
305838384,5.82,1.33
506596728,5.82,1.33
251559412,14.82,1.31
780128128,14.82,1.31
682929141,14.82,1.31
772526007,14.82,1.31
1165020948,14.82,1.31
375446789,14.82,1.31
564298746,14.82,1.31
502916720,14.82,1.31
558128943,19.11,1.31
558329595,19.11,1.31
579880272,19.11,1.31
322163438,19.11,1.31
569122260,19.11,1.31
599664974,19.11,1.31
305764215,19.11,1.31
341929200,19.11,1.31
421188733,14.51,1.25
693007584,14.51,1.25
915041456,14.51,1.25
483204372,14.51,1.25
1018715104,14.51,1.25
734172483,14.51,1.25
1082976856,14.51,1.25
311794416,14.51,1.25
236759310,6.87,1.31
963788175,6.87,1.31
681400342,6.87,1.31
633824016,6.87,1.31
519037519,6.87,1.31
858731200,6.87,1.31
816988842,6.87,1.31
640353585,6.87,1.31
570511696,14.7,1.27
603584550,14.7,1.27
478792602,14.7,1.27
425815380,14.7,1.27
1227542442,14.7,1.27
749478940,14.7,1.27
305475788,14.7,1.27
297238168,14.7,1.27
341346586,14.77,1.29
600357488,14.77,1.29
753938516,14.77,1.29
662300060,14.77,1.29
734496330,14.77,1.29
256707820,14.77,1.29
899155520,14.77,1.29
356604437,14.77,1.29
635208120,19.71,1.27
523017173,19.71,1.27
253200984,19.71,1.27
291779500,19.71,1.27
278748552,19.71,1.27
777471864,19.71,1.27
783639724,19.71,1.27
549731856,19.71,1.27
364731416,6.79,1.28
356628701,6.79,1.28
187956456,6.79,1.28
839307207,6.79,1.28
403975572,6.79,1.28
825110128,6.79,1.28
582339624,6.79,1.28
423970089,6.79,1.28
153783620,15.31,1.33
181076350,15.31,1.33
414649216,15.31,1.33
335167686,15.31,1.33
1194340576,15.31,1.33
531850440,15.31,1.33
973894572,15.31,1.33
217545136,15.31,1.33
488689284,16.84,1.26
657038448,16.84,1.26
658003640,16.84,1.26
605755190,16.84,1.26
435219192,16.84,1.26
866421754,16.84,1.26
274755075,16.84,1.26
467473860,16.84,1.26
538361760,19.86,1.32
828911232,19.86,1.32
215521069,19.86,1.32
256681878,19.86,1.32
962360718,19.86,1.32
575320796,19.86,1.32
417381064,19.86,1.32
375081888,19.86,1.32
299829504,6.29,1.35
245073064,6.29,1.35
326497150,6.29,1.35
769186000,6.29,1.35
787575726,6.29,1.35
759246092,6.29,1.35
778225167,6.29,1.35
211263492,6.29,1.35
291195696,16.27,1.25
220245156,16.27,1.25
768409696,16.27,1.25
627349455,16.27,1.25
659902880,16.27,1.25
713079640,16.27,1.25
1084009668,16.27,1.25
485399768,16.27,1.25
589639764,19.75,1.31
232947265,19.75,1.31
865337435,19.75,1.31
595547288,19.75,1.31
1357854577,19.75,1.31
248455596,19.75,1.31
758161794,19.75,1.31
410264416,19.75,1.31
163273701,19.79,1.32
894709485,19.79,1.32
697451886,19.79,1.32
662254635,19.79,1.32
995692068,19.79,1.32
349686092,19.79,1.32
915651742,19.79,1.32
190649838,19.79,1.32
174823446,5.82,1.32
548954688,5.82,1.32
265365525,5.82,1.32
352402544,5.82,1.32
1168017165,5.82,1.32
298440192,5.82,1.32
1009944477,5.82,1.32
581362883,5.82,1.32
550603755,17.19,1.28
303991146,17.19,1.28
559148400,17.19,1.28
774963450,17.19,1.28
350088704,17.19,1.28
458995899,17.19,1.28
434427219,17.19,1.28
427582925,17.19,1.28
221283280,17.49,1.3
494876052,17.49,1.3
567317730,17.49,1.3
762864660,17.49,1.3
874589741,17.49,1.3
800370412,17.49,1.3
929532996,17.49,1.3
245307441,17.49,1.3
130352630,20.6,1.28
529626240,20.6,1.28
400763392,20.6,1.28
646147320,20.6,1.28
1226114160,20.6,1.28
424253424,20.6,1.28
457863552,20.6,1.28
187512516,20.6,1.28
202150298,6.37,1.28
515543942,6.37,1.28
741481438,6.37,1.28
580701273,6.37,1.28
887510346,6.37,1.28
860133300,6.37,1.28
735041307,6.37,1.28
204104173,6.37,1.28
148607455,19.71,1.26
584234728,19.71,1.26
443426124,19.71,1.26
424570358,19.71,1.26
512379785,19.71,1.26
489728640,19.71,1.26
949426420,19.71,1.26
344231276,19.71,1.26
495698520,15.84,1.29
617878685,15.84,1.29
583516359,15.84,1.29
830221444,15.84,1.29
282633638,15.84,1.29
550644560,15.84,1.29
680790888,15.84,1.29
442907898,15.84,1.29
637504528,19.47,1.28
507506580,19.47,1.28
406616240,19.47,1.28
556858810,19.47,1.28
406991112,19.47,1.28
600368510,19.47,1.28
312440348,19.47,1.28
141375360,19.47,1.28
173640720,5.97,1.32
245459328,5.97,1.32
192995088,5.97,1.32
588045428,5.97,1.32
396533676,5.97,1.32
396652529,5.97,1.32
660302535,5.97,1.32
255064953,5.97,1.32
601504920,16.03,1.26
678308385,16.03,1.26
274721143,16.03,1.26
399939111,16.03,1.26
483535494,16.03,1.26
900778167,16.03,1.26
1170085357,16.03,1.26
656562270,16.03,1.26
184667812,19.13,1.27
228444275,19.13,1.27
858559320,19.13,1.27
643564950,19.13,1.27
1374545720,19.13,1.27
397511010,19.13,1.27
534731220,19.13,1.27
444209580,19.13,1.27
540125730,19.11,1.26
798147854,19.11,1.26
315988547,19.11,1.26
391157641,19.11,1.26
975526830,19.11,1.26
305108248,19.11,1.26
880497705,19.11,1.26
601290100,19.11,1.26
637755408,5.96,1.35
749181015,5.96,1.35
839646280,5.96,1.35
844154500,5.96,1.35
1126274310,5.96,1.35
529852491,5.96,1.35
1132058940,5.96,1.35
229640479,5.96,1.35
240077929,17.65,1.35
743224944,17.65,1.35
427051921,17.65,1.35
658709777,17.65,1.35
802738420,17.65,1.35
757099746,17.65,1.35
824692539,17.65,1.35
295186185,17.65,1.35
163864073,15.2,1.34
184888440,15.2,1.34
369253679,15.2,1.34
615083250,15.2,1.34
1049308300,15.2,1.34
525063544,15.2,1.34
977028480,15.2,1.34
166710360,15.2,1.34
490952609,20.78,1.31
285486901,20.78,1.31
661509615,20.78,1.31
927136424,20.78,1.31
497772720,20.78,1.31
554939744,20.78,1.31
682200447,20.78,1.31
510881280,20.78,1.31
468864328,5.23,1.39
629226060,5.23,1.39
259040182,5.23,1.39
381181890,5.23,1.39
536200008,5.23,1.39
547138800,5.23,1.39
918469500,5.23,1.39
179515304,5.23,1.39
596425134,15.93,1.38
359943596,15.93,1.38
320010336,15.93,1.38
810979556,15.93,1.38
977400648,15.93,1.38
236310840,15.93,1.38
648295488,15.93,1.38
317361220,15.93,1.38
436799646,20.36,1.34
314789796,20.36,1.34
212365062,20.36,1.34
355027178,20.36,1.34
793379158,20.36,1.34
459318002,20.36,1.34
515222435,20.36,1.34
356612395,20.36,1.34
217658143,14.81,1.38
860480940,14.81,1.38
712551819,14.81,1.38
783715240,14.81,1.38
459316582,14.81,1.38
355271508,14.81,1.38
917873156,14.81,1.38
325394496,14.81,1.38
310314732,6.05,1.39
186741387,6.05,1.39
162895900,6.05,1.39
686802888,6.05,1.39
1058063237,6.05,1.39
685374840,6.05,1.39
240910490,6.05,1.39
500932965,6.05,1.39
215035716,19.51,1.38
889231846,19.51,1.38
540719792,19.51,1.38
755793208,19.51,1.38
1083771242,19.51,1.38
976036269,19.51,1.38
670852328,19.51,1.38
471117942,19.51,1.38
660880584,18.76,1.34
894799752,18.76,1.34
538505388,18.76,1.34
1045426046,18.76,1.34
1433481712,18.76,1.34
914159792,18.76,1.34
1187379576,18.76,1.34
432541185,18.76,1.34
612866040,15.17,1.34
877211910,15.17,1.34
200014408,15.17,1.34
764941518,15.17,1.34
1156373044,15.17,1.34
790294130,15.17,1.34
401930353,15.17,1.34
555607487,15.17,1.34
310076415,5.35,1.34
833615336,5.35,1.34
218816208,5.35,1.34
400766786,5.35,1.34
1001726715,5.35,1.34
519420447,5.35,1.34
822157094,5.35,1.34
490025508,5.35,1.34
446702222,15.08,1.36
467412195,15.08,1.36
184721820,15.08,1.36
342227174,15.08,1.36
1129177341,15.08,1.36
658752600,15.08,1.36
806498519,15.08,1.36
244370625,15.08,1.36
428990857,20.04,1.37
728330240,20.04,1.37
521138410,20.04,1.37
905662564,20.04,1.37
279885000,20.04,1.37
574601088,20.04,1.37
917971624,20.04,1.37
415534522,20.04,1.37
237681510,20.73,1.37
607331688,20.73,1.37
518074326,20.73,1.37
849621792,20.73,1.37
1148178950,20.73,1.37
294326750,20.73,1.37
227887534,20.73,1.37
397247490,20.73,1.37
265674300,5.67,1.31
516241686,5.67,1.31
332034560,5.67,1.31
275647697,5.67,1.31
816032040,5.67,1.31
643489188,5.67,1.31
225844472,5.67,1.31
429221773,5.67,1.31
673374386,17.54,1.31
392496000,17.54,1.31
175169544,17.54,1.31
616941864,17.54,1.31
362499358,17.54,1.31
436322378,17.54,1.31
292667290,17.54,1.31
276684564,17.54,1.31
340455776,19.64,1.34
735487131,19.64,1.34
464526756,19.64,1.34
405067509,19.64,1.34
658903356,19.64,1.34
713926832,19.64,1.34
869214528,19.64,1.34
404235564,19.64,1.34
624173370,15.22,1.33
482352816,15.22,1.33
307828768,15.22,1.33
720953184,15.22,1.33
441699740,15.22,1.33
677849436,15.22,1.33
268019271,15.22,1.33
266636550,15.22,1.33
574722460,5.29,1.38
233929735,5.29,1.38
285413320,5.29,1.38
892351170,5.29,1.38
426708432,5.29,1.38
776985100,5.29,1.38
503491650,5.29,1.38
498868410,5.29,1.38
643089947,18.81,1.35
641096654,18.81,1.35
438478579,18.81,1.35
254387280,18.81,1.35
1255313682,18.81,1.35
309997578,18.81,1.35
400591048,18.81,1.35
485259313,18.81,1.35
304059525,16.87,1.31
668793080,16.87,1.31
226415280,16.87,1.31
940998552,16.87,1.31
324172836,16.87,1.31
594071488,16.87,1.31
714965652,16.87,1.31
454071552,16.87,1.31
232486355,14.87,1.41
602053701,14.87,1.41
574399485,14.87,1.41
588955414,14.87,1.41
369533052,14.87,1.41
911637883,14.87,1.41
1103120952,14.87,1.41
200434080,14.87,1.41
573441120,5.31,1.37
661979087,5.31,1.37
360317163,5.31,1.37
684929758,5.31,1.37
1364422508,5.31,1.37
295187136,5.31,1.37
724803486,5.31,1.37
263762560,5.31,1.37
435105111,16.37,1.34
265451919,16.37,1.34
747601704,16.37,1.34
585010462,16.37,1.34
558251840,16.37,1.34
786200448,16.37,1.34
545585906,16.37,1.34
161046711,16.37,1.34
517569203,14.86,1.36
593261756,14.86,1.36
575688647,14.86,1.36
884550793,14.86,1.36
1121407389,14.86,1.36
616156292,14.86,1.36
425997102,14.86,1.36
569042312,14.86,1.36
296185866,16.79,1.36
542524941,16.79,1.36
762893470,16.79,1.36
929563866,16.79,1.36
787569000,16.79,1.36
342676880,16.79,1.36
726005700,16.79,1.36
494982642,16.79,1.36
438972000,5.16,1.37
574352820,5.16,1.37
494630874,5.16,1.37
428968476,5.16,1.37
946350150,5.16,1.37
607891440,5.16,1.37
1033483638,5.16,1.37
434268032,5.16,1.37
230614414,14.33,1.29
446158336,14.33,1.29
623849930,14.33,1.29
671485017,14.33,1.29
609341220,14.33,1.29
560779275,14.33,1.29
949424710,14.33,1.29
487986741,14.33,1.29
144352754,17.62,1.35
261603072,17.62,1.35
800819838,17.62,1.35
657488313,17.62,1.35
641277091,17.62,1.35
530522080,17.62,1.35
824771014,17.62,1.35
494927793,17.62,1.35
195945520,20.94,1.37
810723980,20.94,1.37
711098260,20.94,1.37
801308268,20.94,1.37
769273339,20.94,1.37
241190163,20.94,1.37
435375435,20.94,1.37
171046609,20.94,1.37
338105490,5.85,1.36
270996686,5.85,1.36
519355431,5.85,1.36
411295725,5.85,1.36
1062920580,5.85,1.36
211427460,5.85,1.36
584139780,5.85,1.36
389079044,5.85,1.36
514971968,14.84,1.36
541412397,14.84,1.36
498632523,14.84,1.36
267860908,14.84,1.36
759903250,14.84,1.36
239267574,14.84,1.36
755666472,14.84,1.36
285037126,14.84,1.36
508910756,20.9,1.33
745298880,20.9,1.33
647771801,20.9,1.33
297474830,20.9,1.33
1333600992,20.9,1.33
669507710,20.9,1.33
1183731062,20.9,1.33
270552880,20.9,1.33
728909352,15.19,1.35
792002377,15.19,1.35
892867851,15.19,1.35
664480025,15.19,1.35
722647440,15.19,1.35
875447892,15.19,1.35
272481505,15.19,1.35
367594315,15.19,1.35
625218540,6.64,1.35
607074090,6.64,1.35
472435460,6.64,1.35
457924680,6.64,1.35
577823960,6.64,1.35
244498586,6.64,1.35
659891070,6.64,1.35
594076157,6.64,1.35
362017040,19.1,1.38
185092776,19.1,1.38
407817840,19.1,1.38
410160786,19.1,1.38
1179681204,19.1,1.38
255075472,19.1,1.38
259174384,19.1,1.38
468004005,19.1,1.38
417752608,17.72,1.32
379981134,17.72,1.32
664542648,17.72,1.32
727985830,17.72,1.32
1008197190,17.72,1.32
644444884,17.72,1.32
786345498,17.72,1.32
146564364,17.72,1.32
515152785,19.89,1.35
192474165,19.89,1.35
527869512,19.89,1.35
796773354,19.89,1.35
523055357,19.89,1.35
276619141,19.89,1.35
496903132,19.89,1.35
236565300,19.89,1.35
276951483,5.09,1.36
571765426,5.09,1.36
286180635,5.09,1.36
468673260,5.09,1.36
328949475,5.09,1.36
358138840,5.09,1.36
540413652,5.09,1.36
478085912,5.09,1.36
538281785,17.27,1.4
831937935,17.27,1.4
258036649,17.27,1.4
586967134,17.27,1.4
805111504,17.27,1.4
385109910,17.27,1.4
946651251,17.27,1.4
147238800,17.27,1.4
491386608,16.45,1.33
827792082,16.45,1.33
252105903,16.45,1.33
667521268,16.45,1.33
678843970,16.45,1.33
275870441,16.45,1.33
965486800,16.45,1.33
294891162,16.45,1.33
594851805,15.48,1.39
665348100,15.48,1.39
610183000,15.48,1.39
564492480,15.48,1.39
728588409,15.48,1.39
264646032,15.48,1.39
1018466868,15.48,1.39
413663775,15.48,1.39
532219523,5.16,1.36
252840998,5.16,1.36
799985400,5.16,1.36
652750239,5.16,1.36
996450389,5.16,1.36
479278668,5.16,1.36
598434746,5.16,1.36
259754895,5.16,1.36
497276008,20.15,1.35
818298200,20.15,1.35
877048275,20.15,1.35
1101959062,20.15,1.35
1362720307,20.15,1.35
315802260,20.15,1.35
1066935510,20.15,1.35
179507408,20.15,1.35
274119561,14.38,1.33
546407984,14.38,1.33
430663660,14.38,1.33
656881030,14.38,1.33
385118928,14.38,1.33
995623140,14.38,1.33
887783989,14.38,1.33
239339288,14.38,1.33
470903410,18.91,1.36
828207172,18.91,1.36
250169224,18.91,1.36
858052147,18.91,1.36
1090113312,18.91,1.36
686977740,18.91,1.36
1013498080,18.91,1.36
174786013,18.91,1.36
221635140,5.89,1.41
338011974,5.89,1.41
356825720,5.89,1.41
632945638,5.89,1.41
1174161615,5.89,1.41
311221922,5.89,1.41
581407157,5.89,1.41
281471652,5.89,1.41
